{
  "config": {
    "tries": 10,
    "xz_spread": 7,
    "y_spread": 3,
    "feature": {
      "feature": {
        "config": {
          "layers": [
            {
              "height": {
                "type": "minecraft:biased_to_bottom",
                "min_inclusive": 1,
                "max_inclusive": 3
              },
              "provider": {
                "state": {
                  "Properties": {
                    "age": "1"
                  },
                  "Name": "minecraft:cactus"
                },
                "type": "minecraft:simple_state_provider"
              }
            }
          ],
          "direction": "up",
          "allowed_placement": {
            "blocks": "minecraft:air",
            "type": "minecraft:matching_blocks"
          },
          "prioritize_tip": false
        },
        "type": "minecraft:block_column"
      },
      "placement": [
        {
          "predicate": {
            "predicates": [
              {
                "blocks": "minecraft:air",
                "type": "minecraft:matching_blocks"
              },
              {
                "state": {
                  "Properties": {
                    "age": "1"
                  },
                  "Name": "minecraft:cactus"
                },
                "type": "minecraft:would_survive"
              }
            ],
            "type": "minecraft:all_of"
          },
          "type": "minecraft:block_predicate_filter"
        }
      ]
    }
  },
  "type": "minecraft:random_patch"
}