{
  "type": "minecraft:simple_random_selector",
  "config": {
    "features": [
      {
        "feature": {
          "type": "minecraft:netherrack_replace_blobs",
          "config": {
            "state": {
              "Name": "minecraft:light_gray_terracotta"
            },
            "target": {
              "Name": "minecraft:terracotta"
            },
			"radius": 12
          }
        },
        "placement": []
      },
      {
        "feature": {
          "type": "minecraft:netherrack_replace_blobs",
          "config": {
            "state": {
              "Name": "minecraft:white_terracotta"
            },
            "target": {
              "Name": "minecraft:red_terracotta"
            },
			"radius": 12
          }
        },
        "placement": []
      },
      {
        "feature": {
          "type": "minecraft:netherrack_replace_blobs",
          "config": {
            "state": {
              "Name": "minecraft:packed_mud"
            },
            "target": {
              "Name": "minecraft:brown_terracotta"
            },
			"radius": 12
          }
        },
        "placement": []
      },
      {
        "feature": {
          "type": "minecraft:netherrack_replace_blobs",
          "config": {
            "state": {
              "Name": "minecraft:brown_terracotta"
            },
            "target": {
              "Name": "minecraft:orange_terracotta"
            },
			"radius": 12
          }
        },
        "placement": []
      },
      {
        "feature": {
          "type": "minecraft:netherrack_replace_blobs",
          "config": {
            "state": {
              "Name": "minecraft:white_terracotta"
            },
            "target": {
              "Name": "minecraft:yellow_terracotta"
            },
			"radius": 12
          }
        },
        "placement": []
      }
    ]
  }
}
