{
  "type": "minecraft:flower",
  "config": {
    "tries": 55,
    "xz_spread": 8,
    "y_spread": 2,
    "feature": {
      "feature": {
        "type": "minecraft:simple_block",
        "config": {
          "to_place": {
            "type": "minecraft:dual_noise_provider",
            "seed": 2345,
            "noise": {
              "firstOctave": -4,
              "amplitudes": [
                0.01,
                0.02,
                0.03
              ]
            },
            "scale": 1,
            "variety": {
              "min_inclusive": 1,
              "max_inclusive": 1
            },
            "slow_noise": {
              "firstOctave": -8,
              "amplitudes": [
                1.1,
                1.3,
                2,
                2.4
              ]
            },
            "slow_scale": 1,
            "states": [
              {
                "Name": "minecraft:oxeye_daisy"
              },
              {
                "Name": "minecraft:azure_bluet"
              },
              {
                "Name": "minecraft:lily_of_the_valley"
              },
              {
                "Name": "minecraft:white_tulip"
              }
            ]
          }
        }
      },
      "placement": [
        {
          "type": "minecraft:block_predicate_filter",
          "predicate": {
            "type": "minecraft:matching_blocks",
            "blocks": [
              "minecraft:air"
            ]
          }
        }
      ]
    }
  }
}
