{
  "type": "minecraft:simple_random_selector",
  "config": {
    "features": [
      {
        "feature": {
          "type": "minecraft:block_column",
          "config": {
            "direction": "north",
            "allowed_placement": {
              "type": "minecraft:all_of",
              "predicates": [
                {
                  "type": "minecraft:replaceable"
                },
                {
                  "type": "minecraft:matching_blocks",
                  "offset": [
                    0,
                    -1,
                    0
                  ],
                  "blocks": [
                    "minecraft:grass_block",
                    "minecraft:stone",
                    "minecraft:gravel"
                  ]
                }
              ]
            },
            "prioritize_tip": true,
            "layers": [
              {
                "height": {
                  "type": "minecraft:uniform",
                  "min_inclusive": 4,
                  "max_inclusive": 8
                },
                "provider": {
                  "type": "minecraft:simple_state_provider",
                  "state": {
                    "Name": "minecraft:spruce_log",
                    "Properties": {
                      "axis": "z"
                    }
                  }
                }
              }
            ]
          }
        },
        "placement": [
          {
            "type": "minecraft:block_predicate_filter",
            "predicate": {
              "type": "minecraft:matching_blocks",
              "offset": [
                0,
                -1,
                -4
              ],
              "blocks": [
                "minecraft:grass_block",
                "minecraft:stone",
                "minecraft:gravel"
              ]
            }
          }
        ]
      },
      {
        "feature": {
          "type": "minecraft:block_column",
          "config": {
            "direction": "south",
            "allowed_placement": {
              "type": "minecraft:all_of",
              "predicates": [
                {
                  "type": "minecraft:replaceable"
                },
                {
                  "type": "minecraft:matching_blocks",
                  "offset": [
                    0,
                    -1,
                    0
                  ],
                  "blocks": [
                    "minecraft:grass_block",
                    "minecraft:stone",
                    "minecraft:gravel"
                  ]
                }
              ]
            },
            "prioritize_tip": true,
            "layers": [
              {
                "height": {
                  "type": "minecraft:uniform",
                  "min_inclusive": 4,
                  "max_inclusive": 8
                },
                "provider": {
                  "type": "minecraft:simple_state_provider",
                  "state": {
                    "Name": "minecraft:spruce_log",
                    "Properties": {
                      "axis": "z"
                    }
                  }
                }
              }
            ]
          }
        },
        "placement": [
          {
            "type": "minecraft:block_predicate_filter",
            "predicate": {
              "type": "minecraft:matching_blocks",
              "offset": [
                0,
                -1,
                4
              ],
              "blocks": [
                "minecraft:grass_block",
                "minecraft:stone",
                "minecraft:gravel"
              ]
            }
          }
        ]
      },
      {
        "feature": {
          "type": "minecraft:block_column",
          "config": {
            "direction": "east",
            "allowed_placement": {
              "type": "minecraft:all_of",
              "predicates": [
                {
                  "type": "minecraft:replaceable"
                },
                {
                  "type": "minecraft:matching_blocks",
                  "offset": [
                    0,
                    -1,
                    0
                  ],
                  "blocks": [
                    "minecraft:grass_block",
                    "minecraft:stone",
                    "minecraft:gravel"
                  ]
                }
              ]
            },
            "prioritize_tip": true,
            "layers": [
              {
                "height": {
                  "type": "minecraft:uniform",
                  "min_inclusive": 4,
                  "max_inclusive": 8
                },
                "provider": {
                  "type": "minecraft:simple_state_provider",
                  "state": {
                    "Name": "minecraft:spruce_log",
                    "Properties": {
                      "axis": "x"
                    }
                  }
                }
              }
            ]
          }
        },
        "placement": [
          {
            "type": "minecraft:block_predicate_filter",
            "predicate": {
              "type": "minecraft:matching_blocks",
              "offset": [
                4,
                -1,
                0
              ],
              "blocks": [
                "minecraft:grass_block",
                "minecraft:stone",
                "minecraft:gravel"
              ]
            }
          }
        ]
      },
      {
        "feature": {
          "type": "minecraft:block_column",
          "config": {
            "direction": "west",
            "allowed_placement": {
              "type": "minecraft:all_of",
              "predicates": [
                {
                  "type": "minecraft:replaceable"
                },
                {
                  "type": "minecraft:matching_blocks",
                  "offset": [
                    0,
                    -1,
                    0
                  ],
                  "blocks": [
                    "minecraft:grass_block",
                    "minecraft:stone",
                    "minecraft:gravel"
                  ]
                }
              ]
            },
            "prioritize_tip": true,
            "layers": [
              {
                "height": {
                  "type": "minecraft:uniform",
                  "min_inclusive": 4,
                  "max_inclusive": 8
                },
                "provider": {
                  "type": "minecraft:simple_state_provider",
                  "state": {
                    "Name": "minecraft:spruce_log",
                    "Properties": {
                      "axis": "x"
                    }
                  }
                }
              }
            ]
          }
        },
        "placement": [
          {
            "type": "minecraft:block_predicate_filter",
            "predicate": {
              "type": "minecraft:matching_blocks",
              "offset": [
                -4,
                -1,
                0
              ],
              "blocks": [
                "minecraft:grass_block",
                "minecraft:stone",
                "minecraft:gravel"
              ]
            }
          }
        ]
      }
    ]
  }
}
