{
    "feature": "jermsy:snowy_grass",
    "placement": [
      {
        "type": "minecraft:count",
        "count": 48
      },
      {
        "type": "minecraft:in_square"
      },
      {
        "type": "minecraft:heightmap",
        "heightmap": "OCEAN_FLOOR_WG"
      },
      {
        "type": "minecraft:environment_scan",
        "direction_of_search": "down",
        "max_steps": 16,
        "target_condition": {
          "type": "minecraft:all_of",
          "predicates": [
            {
              "type": "minecraft:matching_blocks",
              "blocks": "minecraft:snow"
            },
            {
              "type": "minecraft:matching_blocks",
              "offset": [
                0,
                -1,
                0
              ],
              "blocks": "minecraft:grass_block"
            }
          ]
        }
      },
      {
        "type": "minecraft:biome"
      }
    ]
  }
  