{
  "name": "jermsy:igloo_floor",
  "fallback": "minecraft:empty",
  "elements": [
	{
		"element": {
				"element_type": "minecraft:single_pool_element",
				"projection": "rigid",
				"processors": "jermsy:unwaterlog",
				"location": "jermsy:igloo/igloo_floor_1"
		},
		"weight": 1
	},
	{
		"element": {
				"element_type": "minecraft:single_pool_element",
				"projection": "rigid",
				"processors": "jermsy:unwaterlog",
				"location": "jermsy:igloo/igloo_floor_2"
		},
		"weight": 1
	}
	]
}